Date,Bitcoin,Ethereum,Fossil_Fuel
1/3/2022,46458.11719,3761.380371,76.08000183
1/4/2022,45897.57422,3794.056641,76.98999786
1/5/2022,43569.00391,3550.386963,77.84999847
1/6/2022,43160.92969,3418.408203,79.45999908
1/7/2022,41557.90234,3193.210449,78.90000153
1/10/2022,41821.26172,3083.0979,78.23000336
1/11/2022,42735.85547,3238.111572,81.22000122
1/12/2022,43949.10156,3372.258301,82.63999939
1/13/2022,42591.57031,3248.288574,82.12000275
1/14/2022,43099.69922,3310.001465,83.81999969
1/18/2022,42375.63281,3164.025146,85.43000031
1/19/2022,41744.32813,3095.825928,86.95999908
1/20/2022,40680.41797,3001.120117,86.90000153
1/21/2022,36457.31641,2557.931641,85.13999939
1/24/2022,36654.32813,2440.352295,83.30999756
1/25/2022,36954.00391,2455.935059,85.59999847
1/26/2022,36852.12109,2468.030273,87.34999847
1/27/2022,37138.23438,2423.001221,86.61000061
1/28/2022,37784.33203,2547.092041,86.81999969
1/31/2022,38483.125,2688.278809,88.15000153
2/1/2022,38743.27344,2792.117188,88.19999695
2/2/2022,36952.98438,2682.854004,88.26000214
2/3/2022,37154.60156,2679.162598,90.26999664
2/4/2022,41500.875,2983.586914,92.30999756
2/7/2022,43840.28516,3142.470703,91.31999969
2/8/2022,44118.44531,3122.608643,89.36000061
2/9/2022,44338.79688,3239.457031,89.66000366
2/10/2022,43565.11328,3077.482178,89.87999725
2/11/2022,42407.9375,2927.383545,93.09999847
2/14/2022,42586.91797,2933.479004,95.45999908
2/15/2022,44575.20313,3179.877197,92.06999969
2/16/2022,43961.85938,3127.830078,93.66000366
2/17/2022,40538.01172,2881.481934,91.76000214
2/18/2022,40030.97656,2785.727539,91.06999969
2/22/2022,38286.02734,2639.299316,92.34999847
2/23/2022,37296.57031,2590.359619,92.09999847
2/24/2022,38332.60938,2598.067139,92.80999756
2/25/2022,39214.21875,2764.535645,91.58999634
2/28/2022,43193.23438,2919.201172,95.72000122
3/1/2022,44354.63672,2972.485107,103.4100037
3/2/2022,43924.11719,2950.118408,110.5999985
3/3/2022,42451.78906,2834.468994,107.6699982
3/4/2022,39137.60547,2617.156006,115.6800003
3/7/2022,38062.03906,2497.77124,119.4000015
3/8/2022,38737.26953,2576.747559,123.6999969
3/9/2022,41982.92578,2729.783447,108.6999969
3/10/2022,39437.46094,2608.048584,106.0199966
3/11/2022,38794.97266,2559.562988,109.3300018
3/14/2022,39666.75391,2590.696045,103.0100021
3/15/2022,39338.78516,2620.149658,96.44000244
3/16/2022,41143.92969,2772.055664,95.04000092
3/17/2022,40951.37891,2814.854492,102.9800034
3/18/2022,41801.15625,2945.343018,104.6999969
3/21/2022,41077.99609,2897.976563,112.1200027
3/22/2022,42358.80859,2973.131104,111.7600021
3/23/2022,42892.95703,3031.067139,114.9300003
3/24/2022,43960.93359,3108.062012,112.3399963
3/25/2022,44348.73047,3106.671387,113.9000015
3/28/2022,47128.00391,3336.634521,105.9599991
3/29/2022,47465.73047,3401.987793,104.2399979
3/30/2022,47062.66406,3385.157959,107.8199997
3/31/2022,45538.67578,3281.642822,100.2799988
4/1/2022,46281.64453,3449.552246,99.26999664
4/4/2022,46622.67578,3521.241211,103.2799988
4/5/2022,45555.99219,3411.79248,101.9599991
4/6/2022,43206.73828,3171.691895,96.23000336
4/7/2022,43503.84766,3233.274658,96.02999878
4/8/2022,42287.66406,3192.073975,98.26000214
4/11/2022,39521.90234,2981.052246,94.29000092
4/12/2022,40127.18359,3030.376465,100.5999985
4/13/2022,41166.73047,3118.344238,104.25
4/14/2022,39935.51563,3019.909424,106.9499969
4/18/2022,40826.21484,3057.606689,108.2099991
4/19/2022,41502.75,3104.106445,102.5599976
4/20/2022,41374.37891,3077.74585,102.75
4/21/2022,40527.36328,2987.480713,103.7900009
4/22/2022,39740.32031,2964.835693,102.0699997
4/25/2022,40458.30859,3009.393555,98.54000092
4/26/2022,38117.46094,2808.29834,101.6999969
4/27/2022,39241.12109,2888.929688,102.0199966
4/28/2022,39773.82813,2936.940918,105.3600006
4/29/2022,38609.82422,2815.601807,104.6900024
5/2/2022,38529.32813,2857.4104,105.1699982
5/3/2022,37750.45313,2783.476318,102.4100037
5/4/2022,39698.37109,2940.644775,107.8099976
5/5/2022,36575.14063,2749.213135,108.2600021
5/6/2022,36040.92188,2694.979736,109.7699966
5/9/2022,30296.95313,2245.43042,103.0899963
5/10/2022,31022.90625,2343.510986,99.76000214
5/11/2022,28936.35547,2072.108643,105.7099991
5/12/2022,29047.75195,1961.701538,106.1299973
5/13/2022,29283.10352,2014.418213,110.4899979
5/16/2022,29862.91797,2022.725952,114.1999969
5/17/2022,30425.85742,2090.40918,112.4000015
5/18/2022,28720.27148,1916.656128,109.5899963
5/19/2022,30314.33398,2018.336182,112.2099991
5/20/2022,29200.74023,1961.315674,113.2300034
5/23/2022,29098.91016,1972.181885,110.2900009
5/24/2022,29655.58594,1978.982788,109.7699966
5/25/2022,29562.36133,1944.827881,110.3300018
5/26/2022,29267.22461,1803.91333,114.0899963
5/27/2022,28627.57422,1724.922852,115.0699997
5/31/2022,31792.31055,1942.328003,114.6699982
6/1/2022,29799.08008,1823.569336,115.2600021
6/2/2022,30467.48828,1834.150513,116.8700027
6/3/2022,29704.39063,1775.078613,118.8700027
6/6/2022,31370.67188,1859.289673,118.5
6/7/2022,31155.47852,1814.04834,119.4100037
6/8/2022,30214.35547,1793.572266,122.1100006
6/9/2022,30111.99805,1789.82605,121.5100021
6/10/2022,29083.80469,1665.042236,120.6699982
6/13/2022,22487.38867,1204.582764,120.9300003
6/14/2022,22206.79297,1211.662842,118.9300003
6/15/2022,22572.83984,1233.206421,115.3099976
6/16/2022,20381.65039,1067.730713,117.5899963
6/17/2022,20471.48242,1086.519287,109.5599976
6/21/2022,20710.59766,1124.824585,110.6500015
6/22/2022,19987.0293,1051.421875,106.1900024
6/23/2022,21085.87695,1143.386719,104.2699966
6/24/2022,21231.65625,1226.844727,107.6200027
6/27/2022,20735.47852,1193.680664,109.5699997
6/28/2022,20280.63477,1144.579224,111.7600021
6/29/2022,20104.02344,1098.943848,109.7799988
6/30/2022,19784.72656,1067.298828,105.7600021
7/1/2022,19269.36719,1059.767334,108.4300003
7/5/2022,20190.11523,1134.541016,99.5
7/6/2022,20548.24609,1186.973999,98.52999878
7/7/2022,21637.58789,1237.593384,102.7300034
7/8/2022,21731.11719,1222.506226,104.7900009
7/11/2022,19970.55664,1097.236572,104.0899963
7/12/2022,19323.91406,1038.19165,95.83999634
7/13/2022,20212.07422,1113.587158,96.30000305
7/14/2022,20569.91992,1191.526245,95.77999878
7/15/2022,20836.32813,1233.12915,97.58999634
7/18/2022,22485.68945,1578.717896,102.5999985
7/19/2022,23389.43359,1542.97522,104.2200012
7/20/2022,23231.73242,1520.200684,102.2600021
7/21/2022,23164.62891,1576.749512,96.34999847
7/22/2022,22714.97852,1537.405151,94.69999695
7/25/2022,21361.70117,1445.383423,96.69999695
7/26/2022,21239.75391,1441.806763,94.98000336
7/27/2022,22930.54883,1636.232666,97.26000214
7/28/2022,23843.88672,1725.46814,96.41999817
7/29/2022,23804.63281,1727.406982,98.62000275
8/1/2022,23314.19922,1635.195801,93.88999939
8/2/2022,22978.11719,1632.945435,94.41999817
8/3/2022,22846.50781,1618.874512,90.66000366
8/4/2022,22630.95703,1608.205811,88.54000092
8/5/2022,23289.31445,1732.254639,89.01000214
8/8/2022,23809.48633,1775.516113,90.76000214
8/9/2022,23164.31836,1703.025024,90.5
8/10/2022,23947.64258,1851.742676,91.93000031
8/11/2022,23957.5293,1881.224121,94.33999634
8/12/2022,24402.81836,1957.24646,92.08999634
8/15/2022,24136.97266,1904.228149,89.41000366
8/16/2022,23883.29102,1878.139404,86.52999878
8/17/2022,23335.99805,1832.999634,88.11000061
8/18/2022,23212.73828,1847.007813,90.5
8/19/2022,20877.55273,1612.987305,90.76999664
8/22/2022,21398.9082,1622.505859,90.23000336
8/23/2022,21528.08789,1662.769897,93.73999786
8/24/2022,21395.01953,1657.059204,94.88999939
8/25/2022,21600.9043,1696.457031,92.51999664
8/26/2022,20260.01953,1507.782837,93.05999756
8/29/2022,20297.99414,1553.037354,97.01000214
8/30/2022,19796.80859,1523.838867,91.63999939
8/31/2022,20049.76367,1553.684937,89.55000305
9/1/2022,20127.14063,1586.176758,86.61000061
9/2/2022,19969.77148,1577.220459,86.87000275
9/6/2022,18837.66797,1561.748535,86.87999725
9/7/2022,19290.32422,1629.906372,81.94000244
9/8/2022,19329.83398,1635.347656,83.54000092
9/9/2022,21381.15234,1719.085449,86.79000092
9/12/2022,22370.44922,1713.765259,87.77999878
9/13/2022,20296.70703,1580.787964,87.30999756
9/14/2022,20241.08984,1634.755005,88.48000336
9/15/2022,19701.21094,1471.693481,85.09999847
9/16/2022,19772.58398,1432.447754,85.11000061
9/19/2022,19544.12891,1377.541382,85.73000336
9/20/2022,18890.78906,1324.388184,84.44999695
9/21/2022,18547.40039,1252.607788,82.94000244
9/22/2022,19413.55078,1327.680176,83.48999786
9/23/2022,19297.63867,1328.259521,78.73999786
9/26/2022,19222.67188,1335.32019,76.70999908
9/27/2022,19110.54688,1330.127686,78.5
9/28/2022,19426.7207,1337.410889,82.15000153
9/29/2022,19573.05078,1335.652344,81.23000336
9/30/2022,19431.78906,1327.978638,79.48999786
10/3/2022,19623.58008,1323.439209,83.62999725
10/4/2022,20336.84375,1362.126587,86.51999664
10/5/2022,20160.7168,1352.837158,87.76000214
10/6/2022,19955.44336,1351.709473,88.44999695
10/7/2022,19546.84961,1332.516968,92.63999939
10/10/2022,19141.48438,1291.337646,91.12999725
10/11/2022,19051.41797,1279.575684,89.34999847
10/12/2022,19157.44531,1294.906372,87.26999664
10/13/2022,19382.9043,1288.123901,89.11000061
10/14/2022,19185.65625,1297.422119,85.61000061
10/17/2022,19550.75781,1331.713623,85.45999908
10/18/2022,19334.41602,1310.447021,82.81999969
10/19/2022,19139.53516,1285.744263,85.55000305
10/20/2022,19053.74023,1283.200928,85.98000336
10/21/2022,19172.46875,1299.946411,85.05000305
10/24/2022,19345.57227,1344.998535,84.58000183
10/25/2022,20095.85742,1461.665405,85.31999969
10/26/2022,20770.44141,1566.56665,87.91000366
10/27/2022,20285.83594,1514.374878,89.08000183
10/28/2022,20595.35156,1555.477905,87.90000153
10/31/2022,20495.77344,1572.714478,86.52999878
11/1/2022,20485.27344,1579.70459,88.37000275
11/2/2022,20159.50391,1519.711792,90
11/3/2022,20209.98828,1531.541748,88.16999817
11/4/2022,21147.23047,1645.093384,92.61000061
11/7/2022,20602.81641,1568.591309,91.79000092
11/8/2022,18541.27148,1332.835571,88.91000366
11/9/2022,15880.78027,1100.1698,85.83000183
11/10/2022,17586.77148,1299.4646,86.47000122
11/11/2022,17034.29297,1287.221069,88.95999908
11/14/2022,16618.19922,1241.604248,85.87000275
11/15/2022,16884.61328,1251.736206,86.91999817
11/16/2022,16669.43945,1215.602539,85.58999634
11/17/2022,16687.51758,1200.808594,81.63999939
11/18/2022,16697.77734,1212.300293,80.08000183
11/21/2022,15787.28418,1108.353027,79.73000336
11/22/2022,16189.76953,1135.173462,80.94999695
11/23/2022,16610.70703,1183.199585,77.94000244
11/25/2022,16521.8418,1198.925903,76.27999878
11/28/2022,16217.32227,1170.086182,77.23999786
11/29/2022,16444.98242,1216.901245,78.19999695
11/30/2022,17168.56641,1295.688599,80.55000305
12/1/2022,16967.13281,1276.273926,81.22000122
12/2/2022,17088.66016,1294.303345,79.98000336
12/5/2022,16974.82617,1259.676758,76.93000031
12/6/2022,17089.50391,1271.653809,74.25
12/7/2022,16848.12695,1232.4375,72.01000214
12/8/2022,17233.47461,1281.116333,71.45999908
12/9/2022,17133.15234,1264.28479,71.01999664
12/12/2022,17206.4375,1274.619019,73.16999817
12/13/2022,17781.31836,1320.549194,75.38999939
12/14/2022,17815.65039,1309.328735,77.27999878
12/15/2022,17364.86523,1266.353882,76.11000061
12/16/2022,16647.48438,1168.259399,74.29000092
12/19/2022,16439.67969,1167.609863,75.19000244
12/20/2022,16906.30469,1217.703613,76.08999634
12/21/2022,16817.53516,1213.599976,78.29000092
12/22/2022,16830.3418,1218.182129,77.48999786
12/23/2022,16796.95313,1220.159424,79.55999756
12/27/2022,16717.17383,1212.791626,79.52999878
12/28/2022,16552.57227,1189.986084,78.95999908
12/29/2022,16642.3418,1201.595337,78.40000153
12/30/2022,16602.58594,1199.232788,80.26000214
1/3/2023,16679.85742,1214.778809,76.93000031
1/4/2023,16863.23828,1256.526611,72.83999634
1/5/2023,16836.73633,1250.438599,73.66999817
1/6/2023,16951.96875,1269.379028,73.76999664
1/9/2023,17196.55469,1321.53894,74.62999725
1/10/2023,17446.29297,1336.58606,75.12000275
1/11/2023,17934.89648,1387.932739,77.41000366
1/12/2023,18869.58789,1417.938477,78.38999939
1/13/2023,19909.57422,1451.614868,79.86000061
1/17/2023,21161.51953,1567.846069,80.18000031
1/18/2023,20688.78125,1515.506958,79.48000336
1/19/2023,21086.79297,1552.556519,80.33000183
1/20/2023,22676.55273,1659.75415,81.30999756
1/23/2023,22934.43164,1628.251099,81.62000275
1/24/2023,22636.46875,1556.604248,80.12999725
1/25/2023,23117.85938,1611.71106,80.15000153
1/26/2023,23032.77734,1603.105957,81.01000214
1/27/2023,23078.72852,1598.156494,79.68000031
1/30/2023,22840.13867,1567.326538,77.90000153
1/31/2023,23139.2832,1586.5354,78.87000275
2/1/2023,23723.76953,1641.792725,76.41000366
2/2/2023,23471.87109,1643.241577,75.87999725
2/3/2023,23449.32227,1664.745605,73.38999939
2/6/2023,22760.10938,1616.24707,74.11000061
2/7/2023,23264.29102,1672.00354,77.13999939
2/8/2023,22939.39844,1650.716797,78.47000122
2/9/2023,21819.03906,1546.438232,78.05999756
2/10/2023,21651.18359,1514.869141,79.72000122
2/13/2023,21808.10156,1507.165894,80.13999939
2/14/2023,22220.80469,1556.875122,79.05999756
2/15/2023,24307.8418,1673.745972,78.58999634
2/16/2023,23623.47461,1640.067627,78.48999786
2/17/2023,24565.60156,1694.783325,76.33999634
2/21/2023,24436.35352,1658.036377,76.16000366
2/22/2023,24188.84375,1643.231689,73.94999695
2/23/2023,23947.49219,1651.073853,75.38999939
2/24/2023,23198.12695,1608.373169,76.31999969
2/27/2023,23522.87109,1634.326416,75.68000031
2/28/2023,23147.35352,1605.895142,77.05000305
3/1/2023,23646.55078,1663.433716,77.69000244
3/2/2023,23475.4668,1647.319336,78.16000366
3/3/2023,22362.67969,1569.167603,79.68000031
3/6/2023,22429.75781,1567.398682,80.45999908
3/7/2023,22219.76953,1561.933105,77.58000183
3/8/2023,21718.08008,1534.088257,76.66000366
3/9/2023,20363.02148,1438.660767,75.72000122
3/10/2023,20187.24414,1429.158081,76.68000031
3/13/2023,24197.5332,1680.30896,74.80000305
3/14/2023,24746.07422,1703.50708,71.33000183
3/15/2023,24375.96094,1656.180542,67.61000061
3/16/2023,25052.78906,1677.215454,68.34999847
3/17/2023,27423.92969,1792.485107,66.73999786
3/20/2023,27767.23633,1735.321289,67.63999939
3/21/2023,28175.81641,1806.760742,69.33000183
3/22/2023,27307.4375,1737.717041,70.90000153
3/23/2023,28333.97266,1816.405151,69.95999908
3/24/2023,27493.28516,1752.0448,69.26000214
3/27/2023,27139.88867,1715.460815,72.80999756
3/28/2023,27268.13086,1772.785645,73.19999695
3/29/2023,28348.44141,1793.001831,72.97000122
3/30/2023,28033.5625,1792.737183,74.37000275
3/31/2023,28478.48438,1822.022095,75.66999817
4/3/2023,27790.2207,1810.297119,80.41999817
4/4/2023,28168.08984,1871.005127,80.70999908
4/5/2023,28177.98438,1909.114014,80.61000061
4/6/2023,28044.14063,1872.922607,80.69999695
4/10/2023,29652.98047,1911.20752,79.73999786
4/11/2023,30235.05859,1892.189697,81.52999878
4/12/2023,30139.05273,1920.682129,83.26000214
4/13/2023,30399.06641,2012.634644,82.16000366
4/14/2023,30485.69922,2101.635498,82.51999664
4/17/2023,29445.04492,2076.24292,80.83000183
4/18/2023,30397.55273,2104.537354,80.86000061
4/19/2023,28822.67969,1936.403442,79.16000366
4/20/2023,28245.98828,1943.097656,77.29000092
4/21/2023,27276.91016,1849.999878,77.87000275
4/24/2023,27525.33984,1842.757446,78.76000214
4/25/2023,28307.59766,1866.753662,77.06999969
4/26/2023,28422.70117,1866.564209,74.30000305
4/27/2023,29473.78711,1908.786377,74.76000214
4/28/2023,29340.26172,1892.512817,76.77999878
5/1/2023,28091.56836,1831.954834,75.66000366
5/2/2023,28680.53711,1870.789307,71.66000366
5/3/2023,29006.30859,1904.651855,68.59999847
5/4/2023,28847.71094,1877.704102,68.55999756
5/5/2023,29534.38477,1995.060913,71.33999634
5/8/2023,27694.27344,1849.042725,73.16000366
5/9/2023,27658.77539,1848.603149,73.70999908
5/10/2023,27621.75586,1842.401489,72.55999756
5/11/2023,27000.78906,1796.490601,70.87000275
5/12/2023,26804.99023,1808.019775,70.04000092
5/15/2023,27192.69336,1817.549927,71.11000061
5/16/2023,27036.65039,1824.12146,70.86000061
5/17/2023,27398.80273,1821.859619,72.83000183
5/18/2023,26832.20898,1801.728516,71.86000061
5/19/2023,26890.12891,1812.589478,71.55000305
5/22/2023,26851.27734,1817.53479,71.98999786
5/23/2023,27225.72656,1854.380615,72.91000366
5/24/2023,26334.81836,1800.099976,74.33999634
5/25/2023,26476.20703,1805.953735,71.83000183
5/26/2023,26719.29102,1828.689697,72.66999817
5/30/2023,27702.34961,1901.026611,69.45999908
5/31/2023,27219.6582,1874.130493,68.08999634
6/1/2023,26819.97266,1862.201416,70.09999847
6/2/2023,27249.58984,1907.256592,71.73999786
6/5/2023,25760.09766,1811.828369,72.15000153
6/6/2023,27238.7832,1884.494873,71.73999786
6/7/2023,26345.99805,1832.395996,72.52999878
6/8/2023,26508.2168,1846.30188,71.29000092
6/9/2023,26480.375,1840.22522,70.16999817
6/12/2023,25902.5,1742.528687,67.12000275
6/13/2023,25918.72852,1739.037598,69.41999817
6/14/2023,25124.67578,1650.519287,68.26999664
6/15/2023,25576.39453,1665.519775,70.62000275
6/16/2023,26327.46289,1716.668823,71.77999878
6/20/2023,28327.48828,1792.119995,70.5
6/21/2023,30027.29688,1891.007202,72.52999878
6/22/2023,29912.28125,1872.942993,69.51000214
6/23/2023,30695.46875,1892.862061,69.16000366
6/26/2023,30271.13086,1859.432861,69.37000275
6/27/2023,30688.16406,1889.703369,67.69999695
6/28/2023,30086.24609,1827.971191,69.55999756
6/29/2023,30445.35156,1852.227295,69.86000061
6/30/2023,30477.25195,1933.188965,70.63999939
7/3/2023,31156.43945,1955.38916,69.79000092
7/5/2023,30514.16602,1910.588013,71.79000092
7/6/2023,29909.33789,1848.636475,71.80000305
7/7/2023,30342.26563,1870.602539,73.86000061
7/10/2023,30414.4707,1880.556396,72.98999786
7/11/2023,30620.95117,1878.33606,74.83000183
7/12/2023,30391.64648,1872.11377,75.75
7/13/2023,31476.04883,2006.511475,76.88999939
7/14/2023,30334.06836,1939.347046,75.41999817
7/17/2023,30145.88867,1911.646118,74.15000153
7/18/2023,29856.5625,1897.599243,75.75
7/19/2023,29913.92383,1889.007935,75.34999847
7/20/2023,29792.01563,1890.969116,75.62999725
7/21/2023,29908.74414,1892.080078,77.06999969
7/24/2023,29176.91602,1850.002075,78.73999786
7/25/2023,29227.39063,1857.741943,79.62999725
7/26/2023,29354.97266,1872.159912,78.77999878
7/27/2023,29210.68945,1860.357178,80.08999634
7/28/2023,29319.24609,1874.744873,80.58000183
7/31/2023,29230.11133,1856.162354,81.80000305
8/1/2023,29675.73242,1871.792114,81.37000275
8/2/2023,29151.95898,1839.089722,79.48999786
8/3/2023,29178.67969,1835.136475,81.55000305
8/4/2023,29074.0918,1827.712891,82.81999969
8/7/2023,29180.57813,1826.938843,81.94000244
8/8/2023,29765.49219,1855.807373,82.91999817
8/9/2023,29561.49414,1854.297607,84.40000153
8/10/2023,29429.5918,1850.753418,82.81999969
8/11/2023,29397.71484,1847.12439,83.19000244
8/14/2023,29408.44336,1844.185791,82.51000214
8/15/2023,29170.34766,1826.932739,80.98999786
8/16/2023,28701.7793,1805.659058,79.37999725
8/17/2023,26664.55078,1684.933472,80.38999939
8/18/2023,26049.55664,1660.945068,81.25
8/21/2023,26124.14063,1667.269043,80.72000122
8/22/2023,26031.65625,1633.892578,80.34999847
8/23/2023,26431.64063,1679.274414,78.88999939
8/24/2023,26162.37305,1659.94458,79.05000305
8/25/2023,26047.66797,1652.935059,79.83000183
8/28/2023,26106.15039,1652.457397,80.09999847
8/29/2023,27727.39258,1729.725708,81.16000366
8/30/2023,27297.26563,1705.112183,81.62999725
8/31/2023,25931.47266,1645.63916,83.62999725
9/1/2023,25800.72461,1628.491211,85.55000305
9/5/2023,25779.98242,1633.629395,86.69000244
9/6/2023,25753.23633,1632.252319,87.54000092
9/7/2023,26240.19531,1647.598267,86.87000275
9/8/2023,25905.6543,1636.137817,87.51000214
9/11/2023,25162.6543,1551.637695,87.29000092
9/12/2023,25833.34375,1592.429443,88.83999634
9/13/2023,26228.32422,1607.988525,88.51999664
9/14/2023,26539.67383,1626.974365,90.16000366
9/15/2023,26608.69336,1641.640381,90.76999664
9/18/2023,26754.28125,1637.347046,91.48000336
9/19/2023,27211.11719,1643.544678,91.19999695
9/20/2023,27132.00781,1622.890625,90.27999878
9/21/2023,26567.63281,1584.307007,89.62999725
9/22/2023,26579.56836,1593.268311,90.02999878
9/25/2023,26298.48047,1588.322876,89.68000031
9/26/2023,26217.25,1593.417236,90.38999939
9/27/2023,26352.7168,1597.491211,93.68000031
9/28/2023,27021.54688,1652.88269,91.70999908
9/29/2023,26911.7207,1667.943848,90.79000092
10/2/2023,27530.78516,1663.627563,88.81999969
10/3/2023,27429.97852,1656.685669,89.23000336
10/4/2023,27799.39453,1647.838135,84.22000122
10/5/2023,27415.91211,1611.47644,82.30999756
10/6/2023,27946.59766,1645.831543,82.79000092
10/9/2023,27583.67773,1579.806641,86.37999725
10/10/2023,27391.01953,1567.713013,85.97000122
10/11/2023,26873.32031,1566.254761,83.48999786
10/12/2023,26756.79883,1539.612427,82.91000366
10/13/2023,26862.375,1552.089478,87.69000244
10/16/2023,28519.4668,1600.534302,86.66000366
10/17/2023,28415.74805,1565.439575,86.66000366
10/18/2023,28328.3418,1563.749878,88.31999969
10/19/2023,28719.80664,1567.457031,89.37000275
10/20/2023,29682.94922,1604.66687,88.75
10/23/2023,33086.23438,1765.38269,85.48999786
10/24/2023,33901.52734,1784.4375,83.73999786
10/25/2023,34502.82031,1787.397583,85.38999939
10/26/2023,34156.64844,1804.039307,83.20999908
10/27/2023,33909.80078,1780.045288,85.54000092
10/30/2023,34502.36328,1810.088623,82.30999756
10/31/2023,34667.78125,1816.458984,81.01999664
11/1/2023,35437.25391,1847.089722,80.44000244
11/2/2023,34938.24219,1800.620972,82.45999908
11/3/2023,34732.32422,1832.795166,80.51000214
11/6/2023,35037.37109,1899.837402,80.81999969
11/7/2023,35443.5625,1888.124268,77.37000275
11/8/2023,35655.27734,1889.322388,75.33000183
11/9/2023,36693.125,2120.561035,75.73999786
11/10/2023,37313.96875,2078.289795,77.16999817
11/13/2023,36502.35547,2055.265381,78.26000214
11/14/2023,35537.64063,1979.052612,78.26000214
11/15/2023,37880.58203,2060.408447,76.66000366
11/16/2023,36154.76953,1960.881592,72.90000153
11/17/2023,36596.68359,1961.280762,75.88999939
11/20/2023,37476.95703,2022.239136,77.59999847
11/21/2023,35813.8125,1937.066772,77.76999664
11/22/2023,37432.33984,2064.425293,77.09999847
11/24/2023,37720.28125,2081.1521,75.54000092
11/27/2023,37254.16797,2027.417358,74.86000061
11/28/2023,37831.08594,2049.338135,76.41000366
11/29/2023,37858.49219,2029.929199,77.86000061
11/30/2023,37712.74609,2052.556152,75.95999908
12/1/2023,38688.75,2087.139893,74.06999969
12/4/2023,41980.09766,2243.21582,73.04000092
12/5/2023,44080.64844,2293.841797,72.31999969
12/6/2023,43746.44531,2231.661377,69.37999725
12/7/2023,43292.66406,2357.57959,69.33999634
12/8/2023,44166.60156,2358.731934,71.23000336
12/11/2023,41243.83203,2224.578857,71.31999969
12/12/2023,41450.22266,2202.038086,68.61000061
12/13/2023,42890.74219,2260.648682,69.47000122
12/14/2023,43023.97266,2316.579102,71.58000183
12/15/2023,41929.75781,2219.337402,71.43000031
12/18/2023,42623.53906,2217.273438,72.47000122
12/19/2023,42270.52734,2177.872559,73.44000244
12/20/2023,43652.25,2201.911377,74.22000122
12/21/2023,43869.15234,2239.54248,73.88999939
12/22/2023,43997.90234,2326.524902,73.55999756
12/26/2023,42520.40234,2231.465332,75.56999969
12/27/2023,43442.85547,2378.73999,74.11000061
12/28/2023,42627.85547,2347.566162,71.76999664
12/29/2023,42099.40234,2300.690674,71.65000153
1/2/2024,44957.96875,2355.836426,70.37999725
1/3/2024,42848.17578,2210.761963,72.69999695
1/4/2024,44179.92188,2269.038086,72.19000244
1/5/2024,44162.69141,2268.647217,73.80999756
1/8/2024,46970.50391,2333.032715,70.76999664
1/9/2024,46139.73047,2344.827148,72.23999786
1/10/2024,46627.77734,2582.103516,71.37000275
1/11/2024,46368.58594,2619.619141,72.01999664
1/12/2024,42853.16797,2524.460205,72.68000031
1/16/2024,43154.94531,2587.691162,72.40000153
1/17/2024,42742.65234,2528.369385,72.55999756
1/18/2024,41262.05859,2467.018799,74.08000183
1/19/2024,41618.40625,2489.498535,73.41000366
1/22/2024,39507.36719,2310.826416,75.19000244
1/23/2024,39845.55078,2240.686035,74.37000275
1/24/2024,40077.07422,2233.561768,75.08999634
1/25/2024,39933.80859,2217.710205,77.36000061
1/26/2024,41816.87109,2267.199707,78.01000214
1/29/2024,43288.24609,2317.064209,76.77999878
1/30/2024,42952.60938,2344.493652,77.81999969
1/31/2024,42582.60547,2282.544434,75.84999847
2/1/2024,43075.77344,2303.824707,73.81999969
2/2/2024,43185.85938,2308.038086,72.27999878
2/5/2024,42658.66797,2298.888916,72.77999878
2/6/2024,43084.67188,2372.201904,73.30999756
2/7/2024,44318.22266,2423.745117,73.86000061
2/8/2024,45301.56641,2419.906494,76.22000122
2/9/2024,47147.19922,2487.515625,76.83999634
2/12/2024,49958.22266,2658.115967,76.91999817
2/13/2024,49742.44141,2642.185303,77.87000275
2/14/2024,51826.69531,2777.902344,76.63999939
2/15/2024,51938.55469,2824.378906,78.02999878
2/16/2024,52160.20313,2803.691406,79.19000244
2/20/2024,52284.875,3013.503662,78.18000031
2/21/2024,51839.17969,2970.355469,77.91000366
2/22/2024,51304.97266,2971.007324,78.61000061
2/23/2024,50731.94922,2921.658203,76.48999786
2/26/2024,54522.40234,3178.993652,77.58000183
2/27/2024,57085.37109,3244.519287,78.87000275
2/28/2024,62504.78906,3385.703857,78.54000092
2/29/2024,61198.38281,3341.919678,78.26000214
3/1/2024,62440.63281,3435.053955,79.97000122
3/4/2024,68330.41406,3630.433838,78.73999786
3/5/2024,63801.19922,3554.9646,78.15000153
3/6/2024,66106.80469,3819.226318,79.12999725
3/7/2024,66925.48438,3874.347656,78.93000031
3/8/2024,68300.09375,3892.061035,78.01000214
3/11/2024,72123.90625,4066.445068,77.93000031
3/12/2024,71481.28906,3980.273193,77.55999756
3/13/2024,73083.5,4006.457031,79.72000122
3/14/2024,71396.59375,3883.140381,81.26000214
3/15/2024,69403.77344,3735.220215,81.04000092
3/18/2024,67548.59375,3517.985107,82.72000122
3/19/2024,61912.77344,3157.618164,83.47000122
3/20/2024,67913.67188,3513.393066,81.68000031
3/21/2024,65491.39063,3492.991211,81.06999969
3/22/2024,63778.76172,3333.687988,80.62999725
3/25/2024,69958.8125,3590.883789,81.94999695
3/26/2024,69987.83594,3587.504883,81.62000275
3/27/2024,69455.34375,3500.115234,81.34999847
3/28/2024,70744.95313,3561.293945,83.16999817
